ID,Rating
0,5
1,2
2,4
3,5
4,4
5,5
6,3
7,4
8,4
9,5
10,5
11,4
12,3
13,4
14,4
15,3
16,4
17,5
18,5
19,0
20,0
21,0
22,0
23,0
24,0
25,0
26,0
27,0
28,0
29,0
30,0
31,0
32,0
33,0
34,0
35,0
36,0
37,0
38,0
39,0
40,0
41,0
42,0
43,0
44,0
45,0
46,0
47,0
48,0
49,0
50,0
51,0
52,0
53,0
54,0
55,0
56,0
57,0
58,0
59,0
60,0
61,0
62,0
63,0
64,0
65,0
66,0
67,0
68,0
69,0
70,0
71,0
72,0
73,0
74,0
75,0
76,0
77,0
78,0
79,0
80,0
81,0
82,0
83,0
84,0
85,0
86,0
87,0
88,0
89,0
90,0
91,0
92,0
93,0
94,0
95,0
96,0
97,0
98,0
99,0
100,0
101,0
102,0
103,0
104,0
105,0
106,0
107,0
108,0
109,0
110,0
111,0
112,0
113,0
114,0
115,0
116,3
117,4
118,4
119,5
120,4
121,4
122,5
123,3
124,5
125,5
126,3
127,5
128,4
129,5
130,2
131,5
132,2
133,5
134,4
135,4
136,4
137,4
138,5
139,4
140,5
141,5
142,1
143,4
144,5
145,4
146,5
147,4
148,1
149,5
150,4
151,4
152,4
153,5
154,5
155,3
156,5
157,5
158,2
159,1
160,5
161,1
162,5
163,5
164,2
165,4
166,5
167,4
168,4
169,5
170,5
171,3
172,5
173,5
174,3
175,3
176,5
177,4
178,4
179,2
180,5
181,5
182,3
183,5
184,3
185,4
186,4
187,5
188,5
189,5
190,4
191,4
192,4
193,5
194,5
195,1
196,5
197,3
198,4
199,3
200,4
201,5
202,4
203,1
204,1
205,5
206,5
207,3
208,4
209,5
210,5
211,5
212,2
213,4
214,5
215,5
216,5
217,4
218,5
219,5
220,3
221,5
222,5
223,5
224,1
225,5
226,1
227,5
228,1
229,5
230,5
231,1
232,5
233,1
234,4
235,3
236,4
237,4
238,3
239,5
240,4
241,2
242,3
243,4
244,5
245,5
246,3
247,5
248,5
249,5
250,4
251,2
252,4
253,5
254,1
255,4
256,4
257,4
258,5
259,4
260,5
261,2
262,5
263,5
264,4
265,1
266,4
267,2
268,2
269,1
270,4
271,5
272,1
273,4
274,5
275,1
276,5
277,5
278,4
279,4
280,5
281,5
282,5
283,5
284,3
285,4
286,4
287,1
288,3
289,4
290,5
291,4
292,2
293,4
294,5
295,5
296,2
297,2
298,5
299,5
300,5
301,4
302,2
303,4
304,2
305,4
306,4
307,4
308,4
309,4
310,5
311,4
312,2
313,4
314,5
315,5
316,1
317,5
318,3
319,4
320,5
321,4
322,1
323,4
324,5
325,5
326,1
327,5
328,5
329,5
330,5
331,3
332,4
333,2
334,5
335,4
336,5
337,1
338,4
339,5
340,3
341,4
342,4
343,5
344,4
345,5
346,4
347,3
348,1
349,4
350,5
351,5
352,5
353,5
354,3
355,4
356,5
357,4
358,1
359,4
360,1
361,4
362,3
363,4
364,4
365,5
366,4
367,5
368,4
369,4
370,4
371,4
372,4
373,1
374,3
375,5
376,4
377,4
378,4
379,3
380,1
381,5
382,4
383,5
384,3
385,4
386,4
387,3
388,5
389,1
390,4
391,5
392,5
393,5
394,5
395,5
396,5
397,3
398,5
399,4
400,4
401,4
402,5
403,4
404,4
405,4
406,5
407,5
408,4
409,2
410,4
411,5
412,1
413,4
414,5
415,5
416,5
417,4
418,4
419,3
420,3
421,4
422,5
423,4
424,5
425,3
426,5
427,2
428,4
429,5
430,4
431,4
432,5
433,3
434,5
435,5
436,5
437,3
438,4
439,5
440,5
441,2
442,5
443,4
444,5
445,4
446,2
447,1
448,4
449,5
450,4
451,2
452,3
453,5
454,4
455,3
456,5
457,2
458,4
459,5
460,4
461,4
462,5
463,5
464,5
465,4
466,5
467,1
468,5
469,1
470,4
471,1
472,3
473,3
474,5
475,5
476,4
477,4
478,4
479,4
480,5
481,5
482,5
483,5
484,3
485,1
486,4
487,5
488,5
489,2
490,4
491,5
492,2
493,5
494,5
495,5
496,4
497,4
498,5
499,4
500,4
501,2
502,5
503,5
504,5
505,2
506,3
507,4
508,5
509,5
510,4
511,4
512,4
513,5
514,5
515,4
516,5
517,5
518,4
519,4
520,1
521,4
522,1
523,5
524,1
525,5
526,4
527,5
528,4
529,2
530,5
531,3
532,4
533,5
534,2
535,4
536,5
537,4
538,2
539,4
540,4
541,5
542,4
543,4
544,5
545,5
546,4
547,1
548,1
549,4
550,5
551,5
552,1
553,2
554,3
555,5
556,5
557,4
558,4
559,2
560,4
561,5
562,5
563,2
564,5
565,5
566,1
567,5
568,2
569,3
570,4
571,4
572,2
573,5
574,5
575,2
576,5
577,3
578,5
579,3
580,5
581,4
582,2
583,5
584,5
585,3
586,4
587,5
588,3
589,4
590,2
591,3
592,4
593,5
594,3
595,5
596,5
597,4
598,4
599,4
600,2
601,4
602,4
603,5
604,4
605,5
606,5
607,5
608,5
609,4
610,5
611,5
612,5
613,5
614,1
615,3
616,5
617,5
618,5
619,4
620,5
621,5
622,4
623,3
624,5
625,5
626,1
627,4
628,4
629,5
630,4
631,4
632,5
633,2
634,5
635,3
636,2
637,5
638,5
639,4
640,4
641,4
642,5
643,4
644,4
645,4
646,3
647,5
648,5
649,5
650,2
651,4
652,5
653,4
654,3
655,3
656,5
657,4
658,3
659,2
660,4
661,4
662,1
663,5
664,2
665,5
666,5
667,1
668,5
669,5
670,5
671,5
672,1
673,3
674,5
675,4
676,5
677,5
678,4
679,4
680,1
681,5
682,4
683,5
684,3
685,5
686,5
687,5
688,2
689,4
690,4
691,4
692,2
693,4
694,3
695,5
696,5
697,5
698,4
699,4
700,5
701,5
702,4
703,4
704,2
705,3
706,5
707,5
708,5
709,5
710,4
711,2
712,1
713,1
714,3
715,4
716,4
717,5
718,2
719,4
720,5
721,5
722,5
723,5
724,5
725,3
726,4
727,5
728,2
729,2
730,1
731,5
732,4
733,1
734,5
735,5
736,5
737,1
738,1
739,2
740,3
741,1
742,5
743,1
744,2
745,4
746,3
747,5
748,3
749,4
750,5
751,4
752,3
753,5
754,4
755,1
756,5
757,5
758,5
759,5
760,1
761,4
762,5
763,4
764,3
765,5
766,2
767,5
768,3
769,4
770,3
771,5
772,5
773,4
774,5
775,4
776,5
777,3
778,5
779,4
780,5
781,3
782,4
783,5
784,4
785,1
786,2
787,3
788,4
789,4
790,4
791,4
792,4
793,4
794,5
795,3
796,5
797,4
798,4
799,5
800,3
801,4
802,5
803,2
804,5
805,5
806,5
807,5
808,1
809,4
810,5
811,5
812,5
813,4
814,5
815,5
816,3
817,1
818,4
819,3
820,5
821,5
822,2
823,4
824,4
825,2
826,5
827,2
828,4
829,1
830,5
831,5
832,5
833,5
834,4
835,2
836,3
837,5
838,5
839,4
840,4
841,3
842,5
843,4
844,4
845,3
846,4
847,4
848,5
849,2
850,5
851,5
852,5
853,5
854,1
855,2
856,1
857,4
858,4
859,4
860,3
861,3
862,5
863,5
864,5
865,1
866,5
867,3
868,5
869,3
870,4
871,5
872,3
873,5
874,3
875,4
876,5
877,5
878,4
879,5
880,1
881,2
882,4
883,5
884,3
885,5
886,2
887,5
888,5
889,4
890,5
891,5
892,5
893,5
894,5
895,3
896,4
897,4
898,5
899,4
900,2
901,4
902,2
903,5
904,3
905,5
906,1
907,1
908,4
909,4
910,5
911,4
912,3
913,4
914,2
915,1
916,5
917,5
918,5
919,5
920,5
921,4
922,5
923,5
924,1
925,4
926,5
927,4
928,5
929,2
930,5
931,4
932,4
933,5
934,5
935,5
936,5
937,4
938,3
939,4
940,4
941,3
942,5
943,5
944,3
945,2
946,4
947,5
948,5
949,2
950,5
951,4
952,4
953,5
954,4
955,5
956,4
957,3
958,1
959,5
960,4
961,5
962,5
963,5
964,5
965,4
966,5
967,3
968,5
969,4
970,4
971,5
972,5
973,4
974,1
975,1
976,5
977,4
978,5
979,4
980,2
981,1
982,1
983,5
984,5
985,3
986,3
987,5
988,5
989,1
990,4
991,4
992,3
993,4
994,4
995,5
996,4
997,2
998,5
999,4
1000,2
1001,5
1002,4
1003,5
1004,5
1005,4
1006,5
1007,3
1008,5
1009,5
1010,5
1011,4
1012,2
1013,4
1014,2
1015,5
1016,2
1017,5
1018,1
1019,4
1020,3
1021,5
1022,5
1023,3
1024,2
1025,2
1026,4
1027,3
1028,4
1029,5
1030,2
1031,5
1032,5
1033,5
1034,5
1035,5
1036,5
1037,4
1038,5
1039,4
1040,5
1041,4
1042,4
1043,2
1044,3
1045,5
1046,4
1047,5
1048,4
1049,4
1050,5
1051,1
1052,4
1053,4
1054,5
1055,4
1056,4
1057,5
1058,5
1059,2
1060,5
1061,4
1062,3
1063,1
1064,4
1065,4
1066,2
1067,5
1068,4
1069,5
1070,4
1071,2
1072,4
1073,3
1074,3
1075,5
1076,5
1077,5
1078,4
1079,1
1080,3
1081,4
1082,3
1083,5
1084,1
1085,5
1086,5
1087,5
1088,2
1089,4
1090,4
1091,5
1092,4
1093,5
1094,2
1095,2
1096,2
1097,4
1098,5
1099,4
1100,5
1101,5
1102,5
1103,3
1104,4
1105,5
1106,5
1107,5
1108,3
1109,1
1110,5
1111,4
1112,5
1113,2
1114,5
1115,4
1116,4
1117,1
1118,4
1119,4
1120,5
1121,5
1122,4
1123,2
1124,2
1125,5
1126,4
1127,5
1128,5
1129,4
1130,2
1131,5
1132,2
1133,1
1134,2
1135,1
1136,5
1137,5
1138,4
1139,2
1140,5
1141,5
1142,3
1143,5
1144,5
1145,1
1146,5
1147,5
1148,1
1149,3
1150,4
1151,4
1152,5
1153,4
1154,2
1155,4
1156,3
1157,4
1158,2
1159,4
1160,4
1161,1
1162,4
1163,5
1164,5
1165,4
1166,1
1167,5
1168,5
1169,2
1170,3
1171,4
1172,5
1173,4
1174,5
1175,5
1176,5
1177,5
1178,3
1179,5
1180,2
1181,4
1182,5
1183,5
1184,4
1185,4
1186,5
1187,3
1188,5
1189,5
1190,5
1191,5
1192,4
1193,3
1194,4
1195,4
1196,4
1197,5
1198,2
1199,3
1200,1
1201,4
1202,1
1203,4
1204,1
1205,5
1206,5
1207,4
1208,5
1209,4
1210,4
1211,5
1212,4
1213,5
1214,5
1215,5
1216,4
1217,5
1218,3
1219,5
1220,3
1221,4
1222,4
1223,4
1224,2
1225,2
1226,3
1227,5
1228,5
1229,5
1230,5
1231,5
1232,5
1233,5
1234,5
1235,5
1236,3
1237,5
1238,4
1239,3
1240,3
1241,3
1242,4
1243,4
1244,5
1245,5
1246,5
1247,5
1248,4
1249,3
1250,4
1251,5
1252,1
1253,4
1254,1
1255,5
1256,4
1257,2
1258,4
1259,5
1260,1
1261,4
1262,5
1263,5
1264,4
1265,5
1266,5
1267,2
1268,5
1269,4
1270,2
1271,1
1272,5
1273,5
1274,5
1275,4
1276,5
1277,4
1278,5
1279,3
1280,4
1281,4
1282,5
1283,1
1284,5
1285,5
1286,5
1287,3
1288,5
1289,5
1290,5
1291,2
1292,5
1293,1
1294,3
1295,4
1296,5
1297,4
1298,1
1299,4
1300,3
1301,5
1302,5
1303,4
1304,5
1305,3
1306,4
1307,5
1308,4
1309,5
1310,5
1311,5
1312,5
1313,5
1314,5
1315,4
1316,4
1317,5
1318,5
1319,4
1320,4
1321,5
1322,5
1323,4
1324,1
1325,4
1326,5
1327,3
1328,5
1329,5
1330,2
1331,5
1332,5
1333,2
1334,5
1335,4
1336,4
1337,5
1338,2
1339,2
1340,3
1341,5
1342,4
1343,5
1344,5
1345,3
1346,1
1347,4
1348,4
1349,5
1350,5
1351,5
1352,4
1353,5
1354,2
1355,4
1356,5
1357,1
1358,5
1359,4
1360,5
1361,5
1362,1
1363,2
1364,1
1365,5
1366,4
1367,1
1368,4
1369,1
1370,3
1371,5
1372,5
1373,4
1374,5
1375,5
1376,5
1377,4
1378,5
1379,5
1380,2
1381,2
1382,5
1383,4
1384,4
1385,2
1386,2
1387,4
1388,4
1389,5
1390,5
1391,3
1392,5
1393,5
1394,5
1395,3
1396,4
1397,5
1398,1
1399,3
1400,3
1401,5
1402,3
1403,4
1404,5
1405,5
1406,5
1407,4
1408,5
1409,4
1410,5
1411,5
1412,2
1413,5
1414,5
1415,5
1416,5
1417,5
1418,5
1419,5
1420,2
1421,4
1422,2
1423,5
1424,5
1425,4
1426,4
1427,4
1428,5
1429,1
1430,4
1431,5
1432,5
1433,4
1434,4
1435,2
1436,4
1437,4
1438,4
1439,5
1440,3
1441,5
1442,5
1443,4
1444,4
1445,4
1446,5
1447,4
1448,5
1449,4
1450,3
1451,2
1452,5
1453,2
1454,5
1455,1
1456,2
1457,3
1458,3
1459,2
1460,5
1461,2
1462,5
1463,1
1464,4
1465,2
1466,2
1467,1
1468,5
1469,4
1470,5
1471,4
1472,4
1473,3
1474,5
1475,5
1476,3
1477,5
1478,5
1479,3
1480,5
1481,5
1482,4
1483,5
1484,4
1485,3
1486,4
1487,4
1488,4
1489,4
1490,5
1491,3
1492,4
1493,4
1494,5
1495,1
1496,4
1497,4
1498,4
1499,5
1500,4
1501,4
1502,4
1503,5
1504,5
1505,5
1506,4
1507,2
1508,5
1509,5
1510,2
1511,4
1512,5
1513,2
1514,2
1515,1
1516,5
1517,4
1518,4
1519,5
1520,4
1521,4
1522,1
1523,3
1524,2
1525,4
1526,2
1527,3
1528,5
1529,4
1530,5
1531,5
1532,5
1533,5
1534,4
1535,4
1536,3
1537,4
1538,4
1539,1
1540,5
1541,4
1542,5
1543,5
1544,4
1545,2
1546,3
1547,3
1548,4
1549,5
1550,4
1551,5
1552,3
1553,4
1554,5
1555,4
1556,4
1557,5
1558,5
1559,4
1560,4
1561,4
1562,2
1563,5
1564,5
1565,5
1566,5
1567,5
1568,3
1569,2
1570,3
1571,4
1572,5
1573,3
1574,5
1575,5
1576,4
1577,4
1578,5
1579,3
1580,5
1581,4
1582,2
1583,4
1584,5
1585,5
1586,5
1587,5
1588,5
1589,5
1590,1
1591,5
1592,5
1593,1
1594,2
1595,4
1596,4
1597,5
1598,4
1599,4
1600,4
1601,5
1602,4
1603,1
1604,4
1605,5
1606,5
1607,1
1608,1
1609,5
1610,1
1611,4
1612,5
1613,5
1614,5
1615,5
1616,5
1617,5
1618,5
1619,5
1620,5
1621,5
1622,5
1623,4
1624,5
1625,4
1626,5
1627,5
1628,2
1629,5
1630,4
1631,2
1632,1
1633,5
1634,5
1635,1
1636,5
1637,5
1638,4
1639,5
1640,4
1641,5
1642,4
1643,4
1644,5
1645,5
1646,5
1647,5
1648,2
1649,5
1650,5
1651,4
1652,2
1653,4
1654,5
1655,3
1656,3
1657,4
1658,4
1659,5
1660,4
1661,5
1662,5
1663,3
1664,4
1665,5
1666,4
1667,2
1668,3
1669,4
1670,5
1671,5
1672,5
1673,5
1674,5
1675,5
1676,3
1677,2
1678,3
1679,4
1680,4
1681,5
1682,4
1683,4
1684,5
1685,1
1686,3
1687,3
1688,5
1689,2
1690,2
1691,4
1692,5
1693,4
1694,5
1695,2
1696,5
1697,5
1698,5
1699,5
1700,5
1701,5
1702,5
1703,5
1704,3
1705,5
1706,5
1707,5
1708,2
1709,5
1710,5
1711,4
1712,4
1713,5
1714,4
1715,4
1716,1
1717,5
1718,5
1719,5
1720,5
1721,4
1722,4
1723,1
1724,5
1725,5
1726,2
1727,5
1728,4
1729,5
1730,5
1731,5
1732,4
1733,5
1734,4
1735,4
1736,4
1737,4
1738,5
1739,4
1740,5
1741,5
1742,5
1743,3
1744,4
1745,4
1746,5
1747,4
1748,4
1749,5
1750,1
1751,4
1752,5
1753,4
1754,2
1755,5
1756,5
1757,4
1758,2
1759,5
1760,4
1761,4
1762,5
1763,2
1764,4
1765,1
1766,5
1767,4
1768,5
1769,2
1770,4
1771,4
1772,3
1773,5
1774,1
1775,5
1776,5
1777,4
1778,3
1779,5
1780,5
1781,5
1782,5
1783,2
1784,2
1785,5
1786,5
1787,1
1788,5
1789,2
1790,1
1791,5
1792,4
1793,5
1794,5
1795,4
1796,4
1797,4
1798,3
1799,5
1800,5
1801,5
1802,5
1803,5
1804,4
1805,4
1806,4
1807,4
1808,2
1809,4
1810,4
1811,5
1812,5
1813,5
1814,5
1815,2
1816,4
1817,5
1818,5
1819,3
1820,1
1821,3
1822,5
1823,5
1824,5
1825,5
1826,5
1827,5
1828,5
1829,3
1830,4
1831,2
1832,5
1833,5
1834,4
1835,4
1836,5
1837,5
1838,1
1839,3
1840,5
1841,2
1842,1
1843,3
1844,4
1845,3
1846,5
1847,3
1848,5
1849,3
1850,4
1851,1
1852,4
1853,5
1854,5
1855,4
1856,2
1857,1
1858,4
1859,3
1860,4
1861,1
1862,4
1863,1
1864,5
1865,4
1866,3
1867,5
1868,5
1869,2
1870,5
1871,4
1872,5
1873,2
1874,1
1875,4
1876,1
1877,5
1878,5
1879,1
1880,5
1881,4
1882,2
1883,4
1884,5
1885,5
1886,5
1887,2
1888,1
1889,5
1890,5
1891,4
1892,5
1893,5
1894,1
1895,4
1896,5
1897,5
1898,5
1899,4
1900,2
1901,5
1902,3
1903,3
1904,4
1905,5
1906,1
1907,5
1908,5
1909,5
1910,5
1911,5
1912,2
1913,4
1914,4
1915,4
1916,5
1917,5
1918,5
1919,5
1920,5
1921,5
1922,4
1923,4
1924,5
1925,5
1926,3
1927,4
1928,1
1929,4
1930,3
1931,4
1932,5
1933,3
1934,5
1935,5
1936,3
1937,5
1938,5
1939,1
1940,3
1941,4
1942,5
1943,4
1944,4
1945,5
1946,5
1947,4
1948,4
1949,5
1950,4
1951,5
1952,4
1953,5
1954,5
1955,4
1956,2
1957,2
1958,4
1959,5
1960,3
1961,5
1962,5
1963,4
1964,4
1965,4
1966,5
1967,5
1968,2
1969,5
1970,4
1971,3
1972,4
1973,3
1974,4
1975,1
1976,5
1977,5
1978,5
1979,1
1980,4
1981,2
1982,2
1983,5
1984,1
1985,5
1986,2
1987,5
1988,4
1989,5
1990,1
1991,1
1992,1
1993,5
1994,4
1995,2
1996,4
1997,1
1998,4
1999,4
2000,5
2001,5
2002,4
2003,5
2004,3
2005,4
2006,5
2007,4
2008,3
2009,4
2010,5
2011,5
2012,5
2013,4
2014,5
2015,4
2016,1
2017,5
2018,5
2019,5
2020,4
2021,3
2022,5
2023,5
2024,5
2025,5
2026,4
2027,5
2028,4
2029,5
2030,4
2031,5
2032,4
2033,5
2034,5
2035,4
2036,4
2037,5
2038,1
2039,5
2040,4
2041,4
2042,3
2043,5
2044,4
2045,4
2046,5
2047,2
2048,5
2049,4
2050,1
2051,3
2052,4
2053,4
2054,5
2055,5
2056,2
2057,2
2058,4
2059,5
2060,2
2061,5
2062,3
2063,5
2064,2
2065,2
2066,4
2067,3
2068,5
2069,5
2070,4
2071,4
2072,5
2073,4
2074,5
2075,5
2076,5
2077,5
2078,5
2079,5
2080,5
2081,4
2082,4
2083,4
2084,5
2085,5
2086,5
2087,3
2088,5
2089,5
2090,4
2091,4
2092,1
2093,5
2094,4
2095,5
2096,5
2097,5
2098,3
2099,5
2100,3
2101,4
2102,4
2103,4
2104,5
2105,5
2106,4
2107,3
2108,4
2109,5
2110,5
2111,4
2112,1
2113,3
2114,5
2115,2
2116,3
2117,5
2118,5
2119,5
2120,1
2121,4
2122,1
2123,3
2124,4
2125,5
2126,3
2127,4
2128,1
2129,2
2130,5
2131,4
2132,5
2133,4
2134,3
2135,2
2136,4
2137,3
2138,4
2139,5
2140,5
2141,1
2142,1
2143,4
2144,2
2145,5
2146,4
2147,5
2148,3
2149,5
2150,2
2151,5
2152,4
2153,3
2154,4
2155,5
2156,3
2157,3
2158,5
2159,1
2160,2
2161,4
2162,5
2163,5
2164,3
2165,5
2166,4
2167,1
2168,5
2169,5
2170,5
2171,4
2172,4
2173,3
2174,5
2175,4
2176,5
2177,3
2178,5
2179,5
2180,5
2181,5
2182,3
2183,2
2184,5
2185,4
2186,5
2187,5
2188,5
2189,5
2190,1
2191,4
2192,2
2193,4
2194,2
2195,2
2196,4
2197,4
2198,4
2199,5
2200,5
2201,5
2202,5
2203,5
2204,2
2205,4
2206,5
2207,5
2208,5
2209,4
2210,5
2211,4
2212,5
2213,5
2214,2
2215,4
2216,4
2217,2
2218,1
2219,5
2220,4
2221,1
2222,1
2223,5
2224,5
2225,4
2226,5
2227,5
2228,3
2229,5
2230,5
2231,4
2232,4
2233,2
2234,4
2235,5
2236,4
2237,4
2238,4
2239,3
2240,5
2241,3
2242,5
2243,5
2244,5
2245,5
2246,4
2247,5
2248,4
2249,4
2250,5
2251,4
2252,2
2253,5
2254,4
2255,5
2256,2
2257,3
2258,5
2259,5
2260,4
2261,2
2262,3
2263,2
2264,5
2265,2
2266,4
2267,1
2268,5
2269,4
2270,3
2271,2
2272,4
2273,4
2274,5
2275,3
2276,2
2277,4
2278,5
2279,5
2280,3
2281,1
2282,5
2283,5
2284,5
2285,4
2286,4
2287,1
2288,4
2289,4
2290,5
2291,4
2292,5
2293,5
2294,5
2295,5
2296,4
2297,3
2298,2
2299,5
2300,5
2301,3
2302,4
2303,5
2304,4
2305,5
2306,2
2307,5
2308,5
2309,5
2310,5
2311,3
2312,4
2313,4
2314,5
2315,1
2316,5
2317,5
2318,5
2319,4
2320,1
2321,5
2322,5
2323,5
2324,4
2325,5
2326,5
2327,5
2328,4
2329,4
2330,1
2331,3
2332,4
2333,3
2334,1
2335,1
2336,3
2337,4
2338,2
2339,5
2340,5
2341,4
2342,1
2343,1
2344,5
2345,4
2346,1
2347,3
2348,4
2349,3
2350,5
2351,5
2352,5
2353,1
2354,4
2355,5
2356,5
2357,5
2358,5
2359,5
2360,4
2361,2
2362,4
2363,3
2364,4
2365,1
2366,5
2367,4
2368,5
2369,5
2370,5
2371,4
2372,5
2373,4
2374,2
2375,5
2376,4
2377,5
2378,5
2379,3
2380,5
2381,5
2382,3
2383,4
2384,5
2385,3
2386,2
2387,4
2388,5
2389,4
2390,5
2391,5
2392,5
2393,4
2394,2
2395,4
2396,5
2397,3
2398,4
2399,5
2400,2
2401,5
2402,4
2403,5
2404,4
2405,4
2406,5
2407,5
2408,4
2409,3
2410,2
2411,2
2412,2
2413,4
2414,4
2415,3
2416,4
2417,5
2418,1
2419,5
2420,5
2421,5
2422,4
2423,5
2424,3
2425,5
2426,5
2427,4
2428,5
2429,5
2430,2
2431,5
2432,5
2433,5
2434,4
2435,3
2436,5
2437,5
2438,5
2439,1
2440,4
2441,5
2442,5
2443,3
2444,3
2445,5
2446,1
2447,5
2448,4
2449,5
2450,4
2451,5
2452,2
2453,2
2454,5
2455,5
2456,4
2457,5
2458,4
2459,5
2460,5
2461,5
2462,4
2463,4
2464,5
2465,4
2466,5
2467,2
2468,5
2469,1
2470,4
2471,4
2472,5
2473,5
2474,4
2475,5
2476,4
2477,5
2478,1
2479,3
2480,5
2481,5
2482,5
2483,5
2484,3
2485,4
2486,5
2487,4
2488,3
2489,5
2490,5
2491,3
2492,4
2493,3
2494,2
2495,4
2496,4
2497,5
2498,4
2499,5
2500,4
2501,5
2502,1
2503,5
2504,5
2505,5
2506,3
2507,1
2508,5
2509,4
2510,2
2511,5
2512,5
2513,4
2514,1
2515,3
2516,4
2517,4
2518,5
2519,5
2520,4
2521,5
2522,3
2523,5
2524,4
2525,4
2526,2
2527,4
2528,4
2529,2
2530,3
2531,5
2532,4
2533,5
2534,3
2535,5
2536,4
2537,2
2538,2
2539,3
2540,5
2541,2
2542,2
2543,5
2544,4
2545,4
2546,3
2547,1
2548,1
2549,1
2550,5
2551,5
2552,4
2553,5
2554,5
2555,5
2556,5
2557,5
2558,3
2559,4
2560,5
2561,4
2562,3
2563,5
2564,5
2565,1
2566,5
2567,5
2568,2
2569,3
2570,4
2571,4
2572,4
2573,4
2574,5
2575,5
2576,2
2577,4
2578,4
2579,4
2580,5
2581,4
2582,5
2583,4
2584,5
2585,3
2586,5
2587,5
2588,5
2589,4
2590,5
2591,3
2592,5
2593,4
2594,4
2595,4
2596,3
2597,5
2598,4
2599,4
2600,5
2601,4
2602,5
2603,5
2604,5
2605,5
2606,1
2607,4
2608,2
2609,4
2610,4
2611,3
2612,4
2613,4
2614,5
2615,3
2616,5
2617,5
2618,5
2619,5
2620,3
2621,3
2622,5
2623,4
2624,5
2625,5
2626,5
2627,4
2628,2
2629,5
2630,4
2631,4
2632,4
2633,2
2634,5
2635,5
2636,4
2637,5
2638,5
2639,5
2640,4
2641,1
2642,5
2643,5
2644,5
2645,1
2646,5
2647,1
2648,4
2649,5
2650,5
2651,5
2652,5
2653,3
2654,5
2655,5
2656,5
2657,2
2658,4
2659,4
2660,5
2661,4
2662,5
2663,5
2664,5
2665,5
2666,5
2667,5
2668,5
2669,4
2670,5
2671,4
2672,5
2673,5
2674,4
2675,2
2676,3
2677,3
2678,3
2679,5
2680,4
2681,4
2682,5
2683,5
2684,5
2685,1
2686,4
2687,5
2688,5
2689,3
2690,3
2691,4
2692,4
2693,5
2694,5
2695,1
2696,5
2697,3
2698,3
2699,4
2700,5
2701,4
2702,2
2703,3
2704,4
2705,2
2706,5
2707,5
2708,4
2709,4
2710,4
2711,4
2712,5
2713,5
2714,2
2715,4
2716,1
2717,4
2718,5
2719,2
2720,3
2721,4
2722,4
2723,4
2724,5
2725,5
2726,5
2727,4
2728,5
2729,5
2730,4
2731,4
2732,4
2733,5
2734,1
2735,4
2736,4
2737,4
2738,5
2739,5
2740,4
2741,5
2742,5
2743,5
2744,3
2745,5
2746,3
2747,5
2748,2
2749,4
2750,4
2751,5
2752,4
2753,4
2754,5
2755,5
2756,3
2757,3
2758,2
2759,5
2760,5
2761,5
2762,5
2763,5
2764,2
2765,4
2766,3
2767,5
2768,1
2769,5
2770,3
2771,4
2772,2
2773,5
2774,5
2775,5
2776,4
2777,4
2778,5
2779,5
2780,5
2781,5
2782,5
2783,5
2784,4
2785,3
2786,1
2787,5
2788,4
2789,4
2790,3
2791,5
2792,5
2793,5
2794,4
2795,3
2796,5
2797,2
2798,4
2799,5
2800,4
2801,3
2802,2
2803,5
2804,5
2805,3
2806,4
2807,4
2808,4
2809,5
2810,2
2811,5
2812,3
2813,4
2814,2
2815,5
2816,5
2817,4
2818,4
2819,3
2820,4
2821,5
2822,1
2823,2
2824,5
2825,5
2826,3
2827,4
2828,5
2829,3
2830,1
2831,2
2832,1
2833,5
2834,2
2835,4
2836,5
2837,5
2838,4
2839,2
2840,4
2841,5
2842,3
2843,5
2844,3
2845,1
2846,2
2847,4
2848,2
2849,4
2850,3
2851,2
2852,5
2853,4
2854,5
2855,5
2856,5
2857,4
2858,4
2859,3
2860,3
2861,4
2862,5
2863,5
2864,3
2865,5
2866,3
2867,1
2868,4
2869,4
2870,1
2871,4
2872,5
2873,4
2874,1
2875,4
2876,4
2877,5
2878,5
2879,5
2880,3
2881,4
2882,2
2883,3
2884,5
2885,5
2886,5
2887,5
2888,5
2889,1
2890,5
2891,2
2892,4
2893,1
2894,4
2895,5
2896,4
2897,1
2898,5
2899,4
2900,1
2901,1
2902,4
2903,5
2904,4
2905,4
2906,5
2907,3
2908,1
2909,5
2910,4
2911,5
2912,5
2913,4
2914,5
2915,4
2916,5
2917,4
2918,3
2919,5
2920,3
2921,5
2922,5
2923,5
2924,3
2925,4
2926,5
2927,3
2928,3
2929,5
2930,4
2931,5
2932,5
2933,2
2934,5
2935,4
2936,5
2937,5
2938,1
2939,4
2940,4
2941,4
2942,5
2943,5
2944,4
2945,3
2946,5
2947,1
2948,5
2949,5
2950,1
2951,4
2952,5
2953,5
2954,5
2955,4
2956,2
2957,3
2958,4
2959,5
2960,5
2961,3
2962,5
2963,1
2964,5
2965,4
2966,2
2967,5
2968,5
2969,3
2970,2
2971,4
2972,5
2973,5
2974,4
2975,5
2976,5
2977,3
2978,4
2979,2
2980,4
2981,3
2982,5
2983,4
2984,3
2985,3
2986,5
2987,5
2988,3
2989,2
2990,4
2991,4
2992,4
2993,4
2994,5
2995,2
2996,4
2997,4
2998,4
2999,5
3000,4
3001,5
3002,2
3003,5
3004,5
3005,5
3006,5
3007,4
3008,5
3009,2
3010,3
3011,4
3012,5
3013,3
3014,4
3015,1
3016,2
3017,5
3018,4
3019,5
3020,3
3021,5
3022,5
3023,5
3024,1
3025,2
3026,5
3027,3
3028,4
3029,5
3030,3
3031,5
3032,4
3033,5
3034,5
3035,4
3036,4
3037,3
3038,4
3039,5
3040,3
3041,4
3042,4
3043,4
3044,5
3045,4
3046,1
3047,2
3048,5
3049,5
3050,5
3051,4
3052,3
3053,4
3054,5
3055,5
3056,3
3057,3
3058,4
3059,4
3060,4
3061,2
3062,5
3063,3
3064,4
3065,4
3066,5
3067,3
3068,4
3069,1
3070,5
3071,5
3072,2
3073,1
3074,4
3075,4
3076,4
3077,5
3078,5
3079,5
3080,4
3081,4
3082,3
3083,4
3084,4
3085,5
3086,5
3087,2
3088,5
3089,5
3090,2
3091,5
3092,5
3093,4
3094,5
3095,5
3096,5
3097,1
3098,5
3099,5
3100,4
3101,4
3102,5
3103,5
3104,5
3105,5
3106,5
3107,5
3108,4
3109,3
3110,5
3111,4
3112,1
3113,5
3114,5
3115,4
3116,5
3117,4
3118,5
3119,4
3120,2
3121,4
3122,5
3123,4
3124,5
3125,5
3126,5
3127,4
3128,5
3129,4
3130,2
3131,3
3132,5
3133,2
3134,4
3135,5
3136,4
3137,5
3138,2
3139,5
3140,5
3141,4
3142,5
3143,5
3144,5
3145,3
3146,5
3147,3
3148,5
3149,4
3150,5
3151,4
3152,5
3153,4
3154,4
3155,4
3156,4
3157,3
3158,4
3159,5
3160,5
3161,5
3162,5
3163,4
3164,1
3165,5
3166,3
3167,4
3168,4
3169,5
3170,5
3171,1
3172,4
3173,5
3174,4
3175,4
3176,5
3177,1
3178,1
3179,4
3180,5
3181,5
3182,3
3183,4
3184,5
3185,5
3186,5
3187,1
3188,5
3189,4
3190,1
3191,5
3192,3
3193,2
3194,2
3195,4
3196,3
3197,5
3198,5
3199,4
3200,3
3201,5
3202,3
3203,5
3204,5
3205,4
3206,5
3207,4
3208,5
3209,2
3210,5
3211,3
3212,4
3213,5
3214,1
3215,5
3216,4
3217,2
3218,2
3219,4
3220,4
3221,5
3222,1
3223,4
3224,5
3225,4
3226,5
3227,4
3228,4
3229,5
3230,5
3231,5
3232,4
3233,5
3234,2
3235,5
3236,4
3237,5
3238,4
3239,5
3240,3
3241,5
3242,2
3243,5
3244,1
3245,2
3246,4
3247,4
3248,4
3249,2
3250,5
3251,4
3252,5
3253,5
3254,5
3255,4
3256,5
3257,5
3258,4
3259,2
3260,5
3261,1
3262,3
3263,4
3264,4
3265,2
3266,5
3267,4
3268,2
3269,4
3270,4
3271,4
3272,4
3273,4
3274,4
3275,5
3276,5
3277,5
3278,5
3279,5
3280,5
3281,2
3282,4
3283,3
3284,1
3285,4
3286,3
3287,3
3288,5
3289,3
3290,5
3291,4
3292,5
3293,5
3294,5
3295,4
3296,5
3297,5
3298,4
3299,4
3300,1
3301,1
3302,4
3303,5
3304,5
3305,4
3306,4
3307,4
3308,4
3309,5
3310,2
3311,2
3312,3
3313,5
3314,4
3315,5
3316,2
3317,5
3318,2
3319,5
3320,1
3321,1
3322,2
3323,5
3324,5
3325,5
3326,1
3327,5
3328,4
3329,4
3330,5
3331,4
3332,4
3333,5
3334,5
3335,5
3336,4
3337,5
3338,3
3339,4
3340,5
3341,4
3342,2
3343,3
3344,4
3345,1
3346,5
3347,4
3348,5
3349,4
3350,4
3351,4
3352,5
3353,5
3354,4
3355,5
3356,3
3357,2
3358,1
3359,2
3360,4
3361,4
3362,5
3363,5
3364,5
3365,5
3366,4
3367,5
3368,4
3369,5
3370,5
3371,5
3372,5
3373,4
3374,5
3375,5
3376,4
3377,5
3378,4
3379,5
3380,5
3381,4
3382,1
3383,4
3384,3
3385,5
3386,5
3387,5
3388,5
3389,4
3390,5
3391,5
3392,4
3393,5
3394,5
3395,4
3396,3
3397,4
3398,3
3399,4
3400,5
3401,3
3402,5
3403,2
3404,4
3405,4
3406,5
3407,1
3408,4
3409,2
3410,5
3411,2
3412,5
3413,4
3414,3
3415,5
3416,5
3417,5
3418,5
3419,3
3420,1
3421,5
3422,5
3423,4
3424,5
3425,4
3426,2
3427,3
3428,5
3429,5
3430,4
3431,3
3432,5
3433,2
3434,4
3435,4
3436,5
3437,3
3438,5
3439,4
3440,4
3441,5
3442,5
3443,1
3444,5
3445,2
3446,3
3447,1
3448,4
3449,5
3450,5
3451,4
3452,5
3453,5
3454,4
3455,5
3456,4
3457,1
3458,5
3459,5
3460,5
3461,4
3462,4
3463,4
3464,3
3465,5
3466,4
3467,1
3468,5
3469,1
3470,5
3471,2
3472,5
3473,5
3474,5
3475,5
3476,4
3477,5
3478,4
3479,4
3480,4
3481,1
3482,5
3483,1
3484,5
3485,1
3486,3
3487,5
3488,1
3489,4
3490,4
3491,2
3492,5
3493,5
3494,4
3495,4
3496,4
3497,4
3498,5
3499,5
3500,5
3501,4
3502,5
3503,5
3504,4
3505,2
3506,5
3507,4
3508,2
3509,5
3510,5
3511,5
3512,4
3513,1
3514,5
3515,5
3516,3
3517,2
3518,2
3519,2
3520,3
3521,5
3522,5
3523,4
3524,4
3525,4
3526,5
3527,5
3528,5
3529,4
3530,4
3531,5
3532,4
3533,3
3534,3
3535,5
3536,4
3537,4
3538,5
3539,5
3540,2
3541,4
3542,2
3543,3
3544,2
3545,5
3546,5
3547,5
3548,4
3549,5
3550,5
3551,5
3552,4
3553,5
3554,5
3555,1
3556,5
3557,5
3558,4
3559,5
3560,5
3561,3
3562,4
3563,4
3564,5
3565,3
3566,4
3567,5
3568,5
3569,5
3570,1
3571,5
3572,5
3573,5
3574,4
3575,5
3576,5
3577,5
3578,3
3579,4
3580,5
3581,4
3582,5
3583,5
3584,4
3585,5
3586,2
3587,5
3588,5
3589,5
3590,5
3591,4
3592,4
3593,2
3594,2
3595,4
3596,5
3597,5
3598,5
3599,5
3600,4
3601,4
3602,4
3603,4
3604,4
3605,5
3606,5
3607,4
3608,5
3609,3
3610,5
3611,5
3612,4
3613,3
3614,4
3615,5
3616,4
3617,3
3618,4
3619,5
3620,5
3621,1
3622,5
3623,3
3624,4
3625,4
3626,3
3627,5
3628,5
3629,5
3630,1
3631,5
3632,5
3633,5
3634,2
3635,2
3636,4
3637,4
3638,4
3639,1
3640,4
3641,4
3642,5
3643,5
3644,5
3645,5
3646,5
3647,5
3648,4
3649,5
3650,2
3651,5
3652,5
3653,4
3654,5
3655,5
3656,5
3657,5
3658,5
3659,5
3660,5
3661,2
3662,5
3663,5
3664,5
3665,5
3666,4
3667,3
3668,2
3669,5
3670,1
3671,5
3672,4
3673,4
3674,5
3675,4
3676,2
3677,5
3678,5
3679,2
3680,3
3681,3
3682,4
3683,4
3684,4
3685,1
3686,2
3687,4
3688,4
3689,3
3690,5
3691,5
3692,2
3693,1
3694,5
3695,5
3696,4
3697,1
3698,5
3699,4
3700,3
3701,3
3702,4
3703,4
3704,1
3705,4
3706,3
3707,5
3708,4
3709,5
3710,5
3711,5
3712,3
3713,5
3714,3
3715,4
3716,1
3717,5
3718,4
3719,3
3720,4
3721,5
3722,5
3723,4
3724,5
3725,5
3726,2
3727,3
3728,2
3729,4
3730,1
3731,4
3732,4
3733,4
3734,5
3735,3
3736,5
3737,2
3738,4
3739,3
3740,4
3741,4
3742,4
3743,4
3744,5
3745,4
3746,2
3747,5
3748,5
3749,5
3750,3
3751,5
3752,2
3753,1
3754,2
3755,4
3756,5
3757,5
3758,5
3759,1
3760,3
3761,1
3762,4
3763,4
3764,3
3765,3
3766,1
3767,5
3768,4
3769,5
3770,3
3771,3
3772,5
3773,5
3774,4
3775,4
3776,2
3777,1
3778,5
3779,5
3780,5
3781,4
3782,4
3783,5
3784,4
3785,5
3786,4
3787,3
3788,2
3789,4
3790,3
3791,5
3792,2
3793,4
3794,4
3795,5
3796,4
3797,5
3798,5
3799,1
3800,5
3801,5
3802,2
3803,5
3804,5
3805,4
3806,5
3807,4
3808,4
3809,4
3810,4
3811,4
3812,4
3813,1
3814,5
3815,4
3816,5
3817,5
3818,2
3819,5
3820,2
3821,5
3822,3
3823,5
3824,4
3825,2
3826,4
3827,5
3828,4
3829,1
3830,4
3831,5
3832,4
3833,5
3834,2
3835,3
3836,4
3837,4
3838,4
3839,5
3840,3
3841,5
3842,4
3843,5
3844,5
3845,5
3846,5
3847,1
3848,5
3849,5
3850,5
3851,2
3852,4
3853,5
3854,4
3855,4
3856,3
3857,5
3858,2
3859,3
3860,4
3861,4
3862,3
3863,1
3864,5
3865,5
3866,4
3867,4
3868,4
3869,5
3870,5
3871,4
3872,5
3873,3
3874,1
3875,4
3876,5
3877,5
3878,5
3879,3
3880,5
3881,2
3882,4
3883,4
3884,4
3885,2
3886,5
3887,2
3888,4
3889,4
3890,4
3891,5
3892,3
3893,3
3894,5
3895,5
3896,5
3897,2
3898,4
3899,3
3900,4
3901,5
3902,4
3903,4
3904,1
3905,2
3906,4
3907,5
3908,5
3909,1
3910,3
3911,5
3912,4
3913,3
3914,4
3915,5
3916,4
3917,5
3918,5
3919,4
3920,4
3921,4
3922,3
3923,5
3924,2
3925,2
3926,3
3927,1
3928,4
3929,4
3930,3
3931,4
3932,1
3933,4
3934,4
3935,4
3936,4
3937,4
3938,5
3939,4
3940,5
3941,2
3942,4
3943,5
3944,4
3945,4
3946,4
3947,3
3948,3
3949,5
3950,5
3951,2
3952,5
3953,4
3954,5
3955,5
3956,4
3957,5
3958,5
3959,4
3960,5
3961,5
3962,4
3963,4
3964,5
3965,1
3966,3
3967,5
3968,4
3969,3
3970,5
3971,4
3972,4
3973,4
3974,5
3975,5
3976,5
3977,5
3978,5
3979,5
3980,5
3981,5
3982,4
3983,5
3984,4
3985,4
3986,3
3987,5
3988,1
3989,5
3990,5
3991,2
3992,5
3993,5
3994,2
3995,4
3996,2
3997,5
3998,5
3999,4
4000,4
4001,5
4002,3
4003,2
4004,4
4005,4
4006,5
4007,4
4008,4
4009,4
4010,4
4011,5
4012,3
4013,4
4014,4
4015,1
4016,2
4017,5
4018,1
4019,5
4020,4
4021,5
4022,4
4023,5
4024,3
4025,5
4026,1
4027,1
4028,5
4029,1
4030,4
4031,1
4032,4
4033,5
4034,1
4035,5
4036,4
4037,4
4038,4
4039,5
4040,4
4041,3
4042,5
4043,4
4044,4
4045,5
4046,3
4047,2
4048,1
4049,4
4050,3
4051,4
4052,5
4053,3
4054,5
4055,2
4056,4
4057,3
4058,4
4059,1
4060,5
4061,4
4062,5
4063,2
4064,4
4065,3
4066,4
4067,5
4068,5
4069,5
4070,3
4071,5
4072,4
4073,5
4074,5
4075,5
4076,4
4077,4
4078,5
4079,5
4080,5
4081,3
4082,5
4083,4
4084,4
4085,3
4086,4
4087,4
4088,5
4089,4
4090,5
4091,5
4092,4
4093,2
4094,5
4095,4
4096,5
4097,3
4098,4
4099,5
4100,4
4101,4
4102,1
4103,1
4104,5
4105,5
4106,5
4107,3
4108,4
4109,5
4110,5
4111,3
4112,5
4113,5
4114,5
4115,5
4116,5
4117,4
4118,4
4119,3
4120,1
4121,4
4122,4
4123,2
4124,3
4125,4
4126,4
4127,5
4128,5
4129,3
4130,3
4131,5
4132,3
4133,3
4134,5
4135,4
4136,2
4137,5
4138,3
4139,5
4140,5
4141,5
4142,5
4143,5
4144,5
4145,4
4146,5
4147,5
4148,4
4149,4
4150,5
4151,4
4152,3
4153,4
4154,1
4155,1
4156,5
4157,2
4158,4
4159,5
4160,5
4161,4
4162,5
4163,3
4164,3
4165,4
4166,4
4167,2
4168,5
4169,5
4170,4
4171,4
4172,5
4173,5
4174,1
4175,3
4176,5
4177,2
4178,3
4179,5
4180,5
4181,2
4182,5
4183,5
4184,5
4185,3
4186,4
4187,5
4188,5
4189,4
4190,4
4191,2
4192,4
4193,4
4194,5
4195,5
4196,5
4197,4
4198,4
4199,4
4200,5
4201,4
4202,5
4203,5
4204,5
4205,5
4206,4
4207,3
4208,4
4209,5
4210,4
4211,5
4212,4
4213,2
4214,5
4215,4
4216,4
4217,5
4218,5
4219,5
4220,5
4221,4
4222,3
4223,4
4224,3
4225,4
4226,5
4227,4
4228,4
4229,4
4230,1
4231,4
4232,5
4233,3
4234,4
4235,5
4236,2
4237,5
4238,5
4239,5
4240,1
4241,5
4242,5
4243,5
4244,4
4245,1
4246,4
4247,5
4248,2
4249,5
4250,5
4251,3
4252,5
4253,4
4254,1
4255,4
4256,2
4257,5
4258,4
4259,4
4260,3
4261,2
4262,5
4263,3
4264,4
4265,5
4266,5
4267,5
4268,4
4269,5
4270,5
4271,4
4272,4
4273,3
4274,4
4275,3
4276,4
4277,4
4278,4
4279,5
4280,4
4281,1
4282,4
4283,5
4284,4
4285,5
4286,4
4287,4
4288,1
4289,3
4290,4
4291,5
4292,5
4293,2
4294,4
4295,3
4296,4
4297,3
4298,5
4299,2
4300,2
4301,1
4302,5
4303,5
4304,4
4305,2
4306,2
4307,4
4308,1
4309,4
4310,4
4311,4
4312,5
4313,5
4314,4
4315,1
4316,4
4317,3
4318,5
4319,5
4320,5
4321,3
4322,1
4323,4
4324,5
4325,5
4326,4
4327,4
4328,2
4329,4
4330,5
4331,5
4332,2
4333,4
4334,4
4335,4
4336,5
4337,2
4338,5
4339,2
4340,4
4341,2
4342,5
4343,4
4344,4
4345,3
4346,4
4347,1
4348,5
4349,4
4350,5
4351,4
4352,5
4353,3
4354,2
4355,3
4356,5
4357,4
4358,5
4359,5
4360,4
4361,5
4362,5
4363,4
4364,4
4365,1
4366,5
4367,5
4368,4
4369,4
4370,3
4371,4
4372,4
4373,4
4374,5
4375,2
4376,1
4377,5
4378,5
4379,4
4380,5
4381,5
4382,5
4383,4
4384,5
4385,5
4386,2
4387,4
4388,5
4389,4
4390,2
4391,2
4392,5
4393,4
4394,5
4395,2
4396,5
4397,4
4398,1
4399,2
4400,2
4401,4
4402,4
4403,5
4404,5
4405,3
4406,5
4407,4
4408,4
4409,1
4410,4
4411,5
4412,4
4413,4
4414,4
4415,5
4416,4
4417,4
4418,2
4419,3
4420,4
4421,5
4422,5
4423,2
4424,5
4425,4
4426,5
4427,4
4428,5
4429,4
4430,2
4431,5
4432,5
4433,4
4434,4
4435,5
4436,4
4437,5
4438,5
4439,5
4440,5
4441,5
4442,3
4443,4
4444,4
4445,5
4446,3
4447,5
4448,3
4449,1
4450,2
4451,5
4452,3
4453,3
4454,5
4455,5
4456,2
4457,5
4458,4
4459,4
4460,5
4461,4
4462,4
4463,5
4464,1
4465,4
4466,4
4467,5
4468,5
4469,5
4470,4
4471,4
4472,5
4473,4
4474,4
4475,5
4476,5
4477,4
4478,4
4479,4
4480,5
4481,3
4482,4
4483,5
4484,4
4485,4
4486,4
4487,4
4488,4
4489,3
4490,5
4491,5
4492,5
4493,5
4494,4
4495,4
4496,4
4497,4
4498,5
4499,4
4500,2
4501,5
4502,5
4503,5
4504,4
4505,5
4506,1
4507,4
4508,5
4509,4
4510,2
4511,5
4512,4
4513,1
4514,5
4515,2
4516,5
4517,2
4518,5
4519,5
4520,4
4521,3
4522,5
4523,5
4524,1
4525,4
4526,4
4527,5
4528,3
4529,4
4530,3
4531,5
4532,4
4533,4
4534,4
4535,5
4536,5
4537,4
4538,5
4539,4
4540,2
4541,5
4542,5
4543,4
4544,5
4545,4
4546,3
4547,5
4548,5
4549,5
4550,2
4551,4
4552,3
4553,4
4554,4
4555,5
4556,2
4557,5
4558,5
4559,3
4560,4
4561,2
4562,5
4563,5
4564,2
4565,5
4566,5
4567,3
4568,3
4569,5
4570,4
4571,3
4572,5
4573,5
4574,5
4575,5
4576,5
4577,4
4578,4
4579,3
4580,4
4581,5
4582,3
4583,3
4584,5
4585,3
4586,5
4587,5
4588,4
4589,5
4590,3
4591,4
4592,5
4593,1
4594,4
4595,4
4596,5
4597,5
4598,5
4599,5
4600,5
4601,1
4602,3
4603,3
4604,3
4605,5
4606,5
4607,5
4608,4
4609,5
4610,4
4611,5
4612,5
4613,4
4614,4
4615,4
4616,5
4617,1
4618,4
4619,5
4620,5
4621,5
4622,5
4623,5
4624,3
4625,5
4626,5
4627,3
4628,4
4629,4
4630,4
4631,5
4632,5
4633,5
4634,4
4635,3
4636,4
4637,5
4638,5
4639,4
4640,5
4641,3
4642,3
4643,5
4644,4
4645,5
4646,5
4647,5
4648,5
4649,4
4650,3
4651,4
4652,1
4653,1
4654,2
4655,5
4656,5
4657,5
4658,3
4659,4
4660,3
4661,4
4662,1
4663,3
4664,1
4665,4
4666,5
4667,3
4668,1
4669,5
4670,3
4671,4
4672,4
4673,4
4674,4
4675,5
4676,4
4677,4
4678,3
4679,2
4680,4
4681,4
4682,4
4683,3
4684,4
4685,5
4686,5
4687,3
4688,3
4689,4
4690,2
4691,5
4692,4
4693,1
4694,4
4695,5
4696,5
4697,1
4698,5
4699,4
4700,5
4701,5
4702,3
4703,5
4704,1
4705,5
4706,5
4707,3
4708,5
4709,5
4710,1
4711,4
4712,4
4713,5
4714,4
4715,5
4716,3
4717,3
4718,4
4719,2
4720,4
4721,4
4722,2
4723,4
4724,5
4725,4
4726,2
4727,4
4728,3
4729,3
4730,4
4731,4
4732,5
4733,1
4734,5
4735,5
4736,2
4737,5
4738,2
4739,2
4740,1
4741,5
4742,5
4743,5
4744,2
4745,4
4746,1
4747,3
4748,5
4749,4
4750,5
4751,4
4752,4
4753,5
4754,4
4755,4
4756,5
4757,5
4758,5
4759,2
4760,1
4761,5
4762,5
4763,4
4764,5
4765,5
4766,4
4767,5
4768,5
4769,1
4770,5
4771,1
4772,2
4773,5
4774,5
4775,4
4776,5
4777,4
4778,4
4779,5
4780,2
4781,5
4782,4
4783,4
4784,4
4785,5
4786,1
4787,5
4788,5
4789,5
4790,4
4791,3
4792,4
4793,5
4794,5
4795,1
4796,5
4797,5
4798,5
4799,5
4800,5
4801,2
4802,4
4803,4
4804,2
4805,4
4806,4
4807,4
4808,5
4809,3
4810,4
4811,4
4812,4
4813,5
4814,4
4815,4
4816,4
4817,5
4818,5
4819,5
4820,3
4821,4
4822,5
4823,5
4824,5
4825,1
4826,1
4827,4
4828,4
4829,3
4830,3
4831,2
4832,5
4833,4
4834,5
4835,5
4836,5
4837,5
4838,5
4839,2
4840,1
4841,3
4842,2
4843,3
4844,3
4845,2
4846,2
4847,1
4848,5
4849,5
4850,5
4851,4
4852,3
4853,5
4854,1
4855,4
4856,4
4857,2
4858,5
4859,4
4860,3
4861,4
4862,5
4863,5
4864,5
4865,3
4866,3
4867,5
4868,4
4869,2
4870,3
4871,5
4872,5
4873,4
4874,4
4875,3
4876,3
4877,2
4878,5
4879,1
4880,2
4881,5
4882,5
4883,5
4884,2
4885,2
4886,5
4887,5
4888,5
4889,5
4890,1
4891,5
4892,4
4893,4
4894,5
4895,5
4896,5
4897,3
4898,3
4899,5
4900,4
4901,5
4902,1
4903,4
4904,3
4905,5
4906,5
4907,2
4908,5
4909,5
4910,5
4911,5
4912,5
4913,5
4914,4
4915,5
4916,4
4917,5
4918,4
4919,5
4920,3
4921,5
4922,4
4923,4
4924,4
4925,5
4926,5
4927,2
4928,4
4929,4
4930,5
4931,3
4932,5
4933,3
4934,5
4935,5
4936,5
4937,5
4938,4
4939,3
4940,5
4941,2
4942,4
4943,5
4944,5
4945,4
4946,4
4947,5
4948,1
4949,5
4950,1
4951,4
4952,2
4953,5
4954,5
4955,3
4956,2
4957,1
4958,4
4959,5
4960,5
4961,3
4962,4
4963,5
4964,5
4965,5
4966,4
4967,5
4968,5
4969,5
4970,1
4971,5
4972,3
4973,4
4974,5
4975,3
4976,2
4977,5
4978,1
4979,5
4980,5
4981,2
4982,4
4983,3
4984,3
4985,4
4986,5
4987,5
4988,5
4989,2
4990,5
4991,3
4992,5
4993,4
4994,5
4995,5
4996,4
4997,3
4998,5
4999,5
5000,5
5001,4
5002,4
5003,1
5004,5
5005,5
5006,5
5007,4
5008,3
5009,5
5010,5
5011,4
5012,5
5013,5
5014,2
5015,5
5016,5
5017,4
5018,5
5019,5
5020,4
5021,3
5022,5
5023,4
5024,5
5025,5
5026,2
5027,4
5028,4
5029,5
5030,2
5031,4
5032,4
5033,4
5034,5
5035,4
5036,5
5037,5
5038,1
5039,4
5040,5
5041,5
5042,4
5043,1
5044,2
5045,2
5046,5
5047,5
5048,4
5049,5
5050,4
5051,5
5052,5
5053,1
5054,4
5055,1
5056,4
5057,1
5058,5
5059,5
5060,1
5061,4
5062,5
5063,5
5064,4
5065,4
5066,5
5067,4
5068,5
5069,5
5070,4
5071,5
5072,1
5073,4
5074,4
5075,4
5076,5
5077,4
5078,5
5079,4
5080,5
5081,5
5082,5
5083,5
5084,5
5085,4
5086,5
5087,4
5088,4
5089,5
5090,5
5091,1
5092,5
5093,5
5094,5
5095,2
5096,5
5097,5
5098,5
5099,5
5100,4
5101,5
5102,4
5103,4
5104,5
5105,1
5106,1
5107,5
5108,4
5109,2
5110,5
5111,5
5112,5
5113,4
5114,5
5115,4
5116,5
5117,3
5118,5
5119,5
5120,4
5121,5
5122,5
5123,5
5124,5
5125,5
5126,3
5127,5
5128,2
5129,5
5130,4
5131,5
5132,5
5133,4
5134,4
5135,4
5136,4
5137,5
5138,5
5139,4
5140,5
5141,2
5142,4
5143,5
5144,4
5145,4
5146,5
5147,5
5148,4
5149,5
5150,3
5151,4
5152,4
5153,1
5154,4
5155,3
5156,4
5157,5
5158,2
5159,1
5160,5
5161,3
5162,1
5163,3
5164,4
5165,2
5166,5
5167,2
5168,4
5169,4
5170,5
5171,5
5172,5
5173,3
5174,4
5175,2
5176,1
5177,2
5178,5
5179,4
5180,5
5181,4
5182,4
5183,4
5184,5
5185,5
5186,3
5187,4
5188,2
5189,5
5190,5
5191,5
5192,3
5193,1
5194,4
5195,4
5196,4
5197,4
5198,4
5199,5
5200,3
5201,5
5202,5
5203,5
5204,4
5205,2
5206,5
5207,4
5208,5
5209,4
5210,3
5211,5
5212,4
5213,4
5214,5
5215,4
5216,3
5217,3
5218,4
5219,4
5220,5
5221,5
5222,5
5223,2
5224,4
5225,5
5226,1
5227,5
5228,5
5229,1
5230,4
5231,4
5232,4
5233,4
5234,1
5235,5
5236,2
5237,4
5238,4
5239,5
5240,3
5241,5
5242,4
5243,2
5244,4
5245,4
5246,4
5247,5
5248,3
5249,4
5250,5
5251,3
5252,5
5253,4
5254,4
5255,1
5256,5
5257,5
5258,4
5259,5
5260,4
5261,5
5262,5
5263,5
5264,5
5265,4
5266,3
5267,4
5268,5
5269,4
5270,3
5271,5
5272,2
5273,4
5274,4
5275,1
5276,3
5277,5
5278,4
5279,5
5280,5
5281,3
5282,3
5283,5
5284,4
5285,5
5286,1
5287,5
5288,1
5289,3
5290,2
5291,5
5292,5
5293,5
5294,5
5295,1
5296,4
5297,1
5298,4
5299,5
5300,3
5301,1
5302,4
5303,5
5304,4
5305,4
5306,1
5307,3
5308,5
5309,3
5310,5
5311,5
5312,1
5313,3
5314,2
5315,4
5316,2
5317,5
5318,3
5319,4
5320,5
5321,4
5322,4
5323,5
5324,2
5325,4
5326,2
5327,5
5328,4
5329,4
5330,1
5331,1
5332,2
5333,5
5334,1
5335,4
5336,5
5337,2
5338,2
5339,2
5340,5
5341,5
5342,3
5343,5
5344,4
5345,4
5346,4
5347,4
5348,3
5349,5
5350,5
5351,2
5352,4
5353,4
5354,5
5355,5
5356,5
5357,5
5358,4
5359,4
5360,5
5361,4
5362,4
5363,4
5364,4
5365,5
5366,4
5367,4
5368,5
5369,2
5370,5
5371,3
5372,4
5373,5
5374,2
5375,3
5376,2
5377,4
5378,5
5379,4
5380,5
5381,4
5382,5
5383,5
5384,5
5385,3
5386,5
5387,5
5388,5
5389,4
5390,1
5391,4
5392,4
5393,5
5394,2
5395,5
5396,5
5397,5
5398,5
5399,5
5400,4
5401,4
5402,5
5403,4
5404,5
5405,3
5406,5
5407,5
5408,1
5409,1
5410,5
5411,5
5412,5
5413,2
5414,4
5415,3
5416,3
5417,5
5418,4
5419,4
5420,4
5421,5
5422,5
5423,3
5424,5
5425,5
5426,4
5427,5
5428,5
5429,5
5430,5
5431,4
5432,4
5433,5
5434,4
5435,5
5436,5
5437,4
5438,5
5439,4
5440,3
5441,5
5442,5
5443,1
5444,5
5445,4
5446,4
5447,4
5448,5
5449,5
5450,4
5451,2
5452,4
5453,5
5454,3
5455,4
5456,5
5457,5
5458,2
5459,4
5460,2
5461,5
5462,4
5463,5
5464,4
5465,3
5466,3
5467,5
5468,5
5469,4
5470,2
5471,3
5472,5
5473,4
5474,4
5475,5
5476,3
5477,5
5478,4
5479,5
5480,2
5481,5
5482,4
5483,5
5484,4
5485,5
5486,5
5487,3
5488,2
5489,2
5490,2
5491,1
5492,5
5493,2
5494,5
5495,3
5496,1
5497,4
5498,5
5499,2
5500,4
5501,4
5502,4
5503,5
5504,5
5505,4
5506,4
5507,5
5508,1
5509,5
5510,2
5511,5
5512,1
5513,2
5514,4
5515,5
5516,4
5517,5
5518,4
5519,5
5520,3
5521,1
5522,1
5523,5
5524,5
5525,5
5526,4
5527,4
5528,5
5529,5
5530,3
5531,5
5532,5
5533,5
5534,4
5535,5
5536,4
5537,5
5538,5
5539,2
5540,4
5541,3
5542,5
5543,4
5544,5
5545,5
5546,4
5547,3
5548,1
5549,5
5550,3
5551,4
5552,5
5553,5
5554,5
5555,4
5556,5
5557,5
5558,5
5559,2
5560,4
5561,4
5562,4
5563,2
5564,5
5565,4
5566,5
5567,3
5568,1
5569,1
5570,1
5571,5
5572,5
5573,4
5574,5
5575,5
5576,5
5577,5
5578,4
5579,3
5580,3
5581,4
5582,3
5583,4
5584,3
5585,1
5586,5
5587,5
5588,5
5589,3
5590,4
5591,5
5592,4
5593,4
5594,5
5595,5
5596,4
5597,4
5598,4
5599,5
5600,4
5601,5
5602,1
5603,5
5604,3
5605,4
5606,5
5607,4
5608,4
5609,3
5610,5
5611,5
5612,3
5613,1
5614,5
5615,5
5616,1
5617,3
5618,2
5619,5
5620,5
5621,1
5622,5
5623,5
5624,3
5625,4
5626,2
5627,3
5628,4
5629,1
5630,5
5631,4
5632,3
5633,5
5634,3
5635,5
5636,3
5637,1
5638,4
5639,5
5640,1
5641,5
5642,5
5643,5
5644,3
5645,5
5646,4
5647,4
5648,4
5649,2
5650,5
5651,5
5652,5
5653,5
5654,5
5655,2
5656,5
5657,4
5658,2
5659,3
5660,5
5661,5
5662,5
5663,4
5664,5
5665,4
5666,5
5667,5
5668,5
5669,4
5670,4
5671,4
5672,5
5673,4
5674,2
5675,3
5676,5
5677,5
5678,4
5679,4
5680,3
5681,2
5682,4
5683,4
5684,5
5685,5
5686,2
5687,5
5688,5
5689,5
5690,5
5691,2
5692,4
5693,5
5694,4
5695,4
5696,2
5697,1
5698,5
5699,3
5700,5
5701,3
5702,4
5703,5
5704,4
5705,1
5706,5
5707,1
5708,4
5709,4
5710,4
5711,2
5712,4
5713,3
5714,3
5715,5
5716,4
5717,5
5718,2
5719,4
5720,4
5721,5
5722,5
5723,5
5724,5
5725,5
5726,4
5727,5
5728,3
5729,3
5730,5
5731,4
5732,5
5733,5
5734,5
5735,1
5736,3
5737,5
5738,1
5739,5
5740,3
5741,2
5742,4
5743,1
5744,5
5745,1
5746,5
5747,5
5748,5
5749,5
5750,5
5751,4
5752,5
5753,5
5754,5
5755,4
5756,5
5757,4
5758,5
5759,5
5760,3
5761,2
5762,5
5763,4
5764,5
5765,4
5766,4
5767,1
5768,4
5769,4
5770,3
5771,5
5772,3
5773,4
5774,3
5775,5
5776,5
5777,4
5778,5
5779,4
5780,1
5781,1
5782,4
5783,4
5784,4
5785,5
5786,5
5787,4
5788,5
5789,5
5790,5
5791,4
5792,5
5793,5
5794,2
5795,5
5796,3
5797,5
5798,5
5799,1
5800,5
5801,3
5802,5
5803,1
5804,5
5805,5
5806,4
5807,3
5808,2
5809,4
5810,3
5811,5
5812,5
5813,4
5814,2
5815,4
5816,3
5817,2
5818,1
5819,5
5820,4
5821,4
5822,5
5823,5
5824,5
5825,2
5826,2
5827,4
5828,2
5829,3
5830,5
5831,2
5832,5
5833,2
5834,4
5835,5
5836,5
5837,5
5838,5
5839,5
5840,2
5841,5
5842,4
5843,5
5844,5
5845,4
5846,4
5847,3
5848,5
5849,5
5850,3
5851,5
5852,4
5853,5
5854,5
5855,2
5856,5
5857,5
5858,2
5859,5
5860,3
5861,5
5862,4
5863,2
5864,5
5865,4
5866,5
5867,5
5868,4
5869,4
5870,3
5871,5
5872,5
5873,5
5874,4
5875,5
5876,5
5877,4
5878,2
5879,4
5880,5
5881,2
5882,3
5883,4
5884,4
5885,5
5886,2
5887,4
5888,5
5889,4
5890,3
5891,5
5892,5
5893,3
5894,3
5895,5
5896,5
5897,2
5898,1
5899,5
5900,4
5901,5
5902,5
5903,4
5904,5
5905,3
5906,5
5907,4
5908,2
5909,5
5910,5
5911,2
5912,5
5913,5
5914,5
5915,4
5916,2
5917,5
5918,4
5919,1
5920,5
5921,5
5922,1
5923,3
5924,4
5925,5
5926,2
5927,5
5928,3
5929,4
5930,5
5931,3
5932,5
5933,5
5934,4
5935,5
5936,1
5937,5
5938,4
5939,4
5940,5
5941,5
5942,5
5943,5
5944,5
5945,4
5946,5
5947,5
5948,5
5949,2
5950,4
5951,5
5952,4
5953,5
5954,2
5955,5
5956,4
5957,2
5958,5
5959,4
5960,5
5961,4
5962,2
5963,2
5964,2
5965,3
5966,3
5967,4
5968,5
5969,3
5970,5
5971,4
5972,3
5973,5
5974,4
5975,4
5976,5
5977,5
5978,2
5979,5
5980,5
5981,1
5982,4
5983,5
5984,5
5985,3
5986,5
5987,1
5988,4
5989,5
5990,4
5991,4
5992,5
5993,1
5994,5
5995,4
5996,5
5997,4
5998,5
5999,4
6000,2
6001,4
6002,2
6003,4
6004,1
6005,1
6006,3
6007,3
6008,1
6009,5
6010,4
6011,5
6012,2
6013,4
6014,5
6015,5
6016,5
6017,3
6018,3
6019,3
6020,4
6021,4
6022,5
6023,5
6024,4
6025,4
6026,2
6027,5
6028,4
6029,5
6030,4
6031,4
6032,4
6033,2
6034,4
6035,4
6036,4
6037,5
6038,4
6039,5
6040,4
6041,1
6042,5
6043,1
6044,5
6045,3
6046,2
6047,4
6048,3
6049,5
6050,5
6051,5
6052,5
6053,4
6054,5
6055,4
6056,5
6057,5
6058,4
6059,1
6060,5
6061,4
6062,4
6063,5
6064,4
6065,5
6066,1
6067,5
6068,5
6069,5
6070,4
6071,5
6072,5
6073,5
6074,3
6075,5
6076,5
6077,5
6078,2
6079,5
6080,4
6081,3
6082,1
6083,1
6084,3
6085,2
6086,4
6087,2
6088,5
6089,5
6090,5
6091,5
6092,5
6093,4
6094,4
6095,1
6096,4
6097,3
6098,5
6099,5
6100,5
6101,5
6102,5
6103,5
6104,5
6105,5
6106,4
6107,4
6108,4
6109,5
6110,5
6111,5
6112,5
6113,2
6114,4
6115,4
6116,5
6117,2
6118,4
6119,5
6120,5
6121,5
6122,5
6123,5
6124,5
6125,5
6126,2
6127,5
6128,5
6129,2
6130,4
6131,5
6132,4
6133,5
6134,5
6135,4
6136,5
6137,5
6138,3
6139,5
6140,1
6141,4
6142,2
6143,5
6144,5
6145,3
6146,4
6147,3
